{"8K36312Wh2tf52jn/Wyn0Q==":"1-1200x800.jpg","rl7iIl7LomaBPWQDjFGKuA==":"2-1200x800.jpg","Ko8/iHHHN/LVELAPWDI4XA==":"3-1200x800.jpg","jXPxEL5W3sEpEJmnkipICA==":"4-1200x800.jpg","HVn1U8pSIh+jjU0AxSaulA==":"5-1200x800.jpg","BMeaYHmBNeZIdOWBUPv8jQ==":"6-1200x1600.jpg","zOwu9G4rDXJ4mmttPUXsdw==":"7-1200x1600.jpg","BRjI/nYTPIh2phPsIHUuJQ==":"8-1200x1600.jpg","JPUAi7gQTj9eTLvzd1z9HQ==":"9-1200x1600.jpg","OLzCj1wl0YRGD1ucwb1kBg==":"10-1200x800.jpg","XrI61wk/mAggN9BnOjDq5w==":"11-1200x800.jpg","gV6+R9JaRqUchmGLtTdEog==":"12-1200x800.jpg","X1XVO5ILOu5fMvbLqsy0vQ==":"13-1200x800.jpg","+7nniVhqVCXg4JjaHJDlbg==":"14-1200x800.jpg","9CsSRNQUC/hsYh8Kz+IOvA==":"15-1200x800.jpg","AUNTZSxGGp1WPk/AqVC+/w==":"16-1200x800.jpg","1Ourz97clidTG514aUOzYA==":"17-1200x800.jpg"}